review,label
Ugh... this movie was BORING!!! I kept checking the time every 5 minutes.,0
"Pretty good movie!!! maybe a little long, but the performances made it worth it.",1
"Great experience overall -- fun story, clean editing, and an ending that actually made sense.",1
"I liked it a lot!!! The jokes landed, the drama worked, and the pacing was mostly smooth.",1
"Such a heartwarming story <3 I smiled through most of it, even if a few scenes were cheesy.",1
"Honestly, I regret watching it... there was no tension, no charm, no point.",0
"Terrible acting, weak dialogue, and a story that went nowhere. waste of time :(",0
"Really enjoyed it!!! not gonna lie, I expected something average, but this was excellent.",1
"This film felt soooo long... nothing interesting happened, and I nearly fell asleep.",0
"A charming little film with big heart. not flashy, but really well done and sincere.",1
"I don't get the hype?? This was confusing, dull, and honestly kind of annoying.",0
This movie felt fresh and energetic. the script had some clever moments that stood out.,1
Honestly? a very pleasant surprise. I cared about the characters way more than I expected.,1
"I went in with low expectations, but honestly this was a very solid movie. nice job!!",1
Not good. not fun. not emotional. just a long experience I wish I skipped.,0
"Awful pacing!!! scenes dragged on forever, and I stopped caring halfway through.",0
"This was a GOOD movie. strong lead actor, fun dialogue, and a pretty memorable finale!",1
"I enjoyed this wayyy more than I thought I would. solid film, nice visuals, good vibe.",1
"Very disappointing :( the cast tried, but the script gave them absolutely nothing useful.",0
"WOW!!! I absolutely loved this movie :) The acting was great, and the story kept me hooked from start to finish!!! 10/10",1
"Disappointing movie. too many clichés, too little substance, and no real payoff.",0
"I wasn't expecting to LOVE this, but wow... it really delivered on almost everything.",1
"The jokes were awkward, the drama felt forced, and the whole thing was forgettable.",0
"This was messy from beginning to end -- random scenes, weird tone, bad writing.",0
This was NOT worth the ticket price!!! boring plot + annoying characters = no thanks.,0
"Bad movie. just bad. the writing was lazy, and the pacing was painfully slow.",0
"Messy plot, flat characters, and an ending that made zero sense at all!!!",0
"Very entertaining!!! I watched it with friends and we all had a great time, no regrets.",1
"A strong 8/10 for me. It had emotion, humor, and enough tension to keep me interested.",1
I almost turned it off after 20 mins. that's how little this movie grabbed me.,0
Such a frustrating film!!! it kept introducing ideas and then doing nothing with them.,0
"This movie had potential, but it completely failed to deliver. pretty frustrating tbh.",0
"What a letdown!!! the trailer looked great, but the actual movie was a mess.",0
The acting felt wooden and the dialogue sounded unnatural. pretty bad overall.,0
"Brilliant direction and a nice emotional core. a few weak moments, but overall very good.",1
"Not impressed at all!!! maybe some people will like it, but for me it was a 3/10.",0
"A very weak movie. forgettable soundtrack, bland visuals, and zero emotional impact.",0
"Amazing soundtrack, beautiful visuals, and strong performances. not perfect, but really enjoyable!!!",1
"I really wanted to like it, but wow this was disappointing on almost every level.",0
"I was excited for this... big mistake. it was dull, predictable, and badly edited.",0
"Great movie!!! The characters felt real, and the ending was satisfying. definitely recommend.",1
"One of the worst movies I've seen lately -- loud, messy, and weird in a bad way.",0
"One of the better films I've seen this year -- entertaining, polished, and easy to follow.",1
"The plot was simple but effective. sometimes that's all you need, and it worked here.",1
"Super enjoyable film :) I laughed, I cared, and I never checked the time once.",1
"The movie was creative, thoughtful, and visually impressive!!! definitely worth seeing in theaters.",1
Excellent acting!!! the lead performance carried the whole film in the best way possible.,1
"This film was soooo good... funny, smart, and surprisingly emotional. I'd watch it again for sure!!",1
"Loved the energy in this movie!! fast-paced, colorful, and never boring for a second.",1
"The visuals were okay I guess, but everything else was weak and poorly executed.",0
